sequence,length,generation_index
GALNALKKYFTIIHKAIKKINNYW,24,0
RFRPPIRRPPIRPPFYP,17,1
GVLSGVLGTGKKIACGLSGLC,21,2
RKRKILILIKRK,12,3
GILDTLKQFAKGVGKWLVKGAAQGVLSTVSCKLAKTC,37,4
RYKRKLRKILNKIK,14,5
KRIVQRIKDFLR,12,6
GLRKRLRKFRNKIKETLKKIGQKIQGLLPKLAPRTDY,37,7
KWKAFKKEERLGQRIDDALSTARGYRRDFLDKARRHGIRKLR,42,8
FLGLLFKVLSKLL,13,9
VTCDSLELSEAALEDKANAVGFHSACKLHNLGCSAGLCVCPRVYGTC,47,10
FLPLIAGLAAKFLPKIICKITKKC,24,11
AKHEIFQKLKRYGQRIKKFLR,21,12
DDALKHLLKHLLKHL,15,13
GLLDTIKNMALNAAKSAGVSVLNSLSCKLSKTC,33,14
KYRKRLFKKL,10,15
GFHDIFKGAHKIGKHIGGCIPKDC,24,16
VDPPVYLPRPRPPHPRL,17,17
LFPVIGYLFSKIGKA,15,18
ALWKTLLKKVLKAAAKAALNAVLVGANA,28,19
GLFSKFAGKGIKNFLIKGVKHIGKEVGMDVIRTGIDVAGCKIKGEC,46,20
RLLRKLFRKLKKI,13,21
RLKRFWRVVKKVY,13,22
TTEWFRWRQWRKWLGKLRSPETLRH,25,23
GIMDTVKNAAKNLAGQLLDKLKCSITAC,28,24
GLLDSVKEGLKKVAGQLLDKLKCKITGC,28,25
FFGPVLKIASKVVPSVYCAITKKC,24,26
RSVFRLLKHVFKAGLKVLGSL,21,27
GILDTLKQFAKGVGKDLVKGAAQGVLSTVSCKLAKTC,37,28
FVLKVLFKKVSKLL,14,29
LKKLLKLLKKLLKLAG,16,30
KSAGRGRGWGRSAGLGR,17,31
GLRKRLRKFRNKIKEKLKKIGQKDQGLLPKLAPRTDY,37,32
KWKSFIKKLTSVLKKVVTTAKPLISS,26,33
RRWRPRPPRLPRPRPR,16,34
AQWALIALAGRLIKYARWI,19,35
QPNPEQCRLDGSCIRIPGYCPGSYDLKLGCDYAKYCN,37,36
GLPFVCGRICYPGTCRPPIYRLGGTCPSGRCVCCKNH,37,37
QEKLCKLQGECKPSTYCNPTPTYRGTGYCNGTKGYCCKGW,40,38
GFCWYVCVYRNGVRVCYRRCN,21,39
GGRKRWQRRMKKLGAPSITLPPET,24,40
LIKIVTAIMKK,11,41
FFGWLIKGAIHAGKAIHPLIHRRRH,25,42
GFFDRIKALTKETLKETIQGLAKWIPNPVQ,30,43
GIFDKIKGLIAKGVKNVAKEVGMDVVRTGIDVVGKCKIAGEC,42,44
AKARGAQGLLTIVPQLGKLLN,21,45
GFGCNGPWDEDDMKCHNHCKTIKGYKGGYCAAAFVCKL,38,46
VMKVRWKKDPLRLAG,15,47
